id,first_name,last_name,email,gender,ip_address
3,Any,Angelini,aangelini2@ameblo.jp,Male,133.123.241.50
4,Kimbra,Josephy,kjosephy3@weather.com,Female,244.188.214.238
5,Jewell,Eilles,jeilles4@apache.org,Female,137.136.120.81
6,Berthe,Masding,bmasding5@ustream.tv,Female,56.211.155.14
7,Hogan,Kellick,hkellick6@nature.com,Male,41.27.58.230
8,Toddie,Rustidge,trustidge7@google.de,Male,111.42.157.38
9,Berti,Synan,bsynan8@twitter.com,Female,12.145.183.231
10,Sofie,Shergill,sshergill9@blogspot.com,Female,35.221.189.1
1,Neils,Bonds,nbonds0@biglobe.ne.jp,Male,88.248.192.23
2,Keane,Gilyatt,kgilyatt1@mac.com,Male,201.179.196.115
